Date,Energy Level,Mood,Productivity,Routine Satisfaction,Water Intake,Phone Usage,Exercise,Breakfast,Meditation/Mindfulness,Additional Comments
2024-02-04,4,Bad,2,3,Yes,Yes,Yes,No,No,
2024-02-05,3,Neutral,3,3,Yes,No,Yes,No,Yes,
2024-02-06,5,Good,4,3,Yes,No,Yes,No,No,
2024-02-07,3,Great,5,2,No,Yes,Yes,Yes,No,
2024-02-08,4,Great,4,5,Yes,No,Yes,Yes,Yes,
2024-02-09,2,Neutral,3,3,Yes,No,Yes,No,Yes,
2024-02-10,2,Bad,2,3,No,Yes,Yes,Yes,No,
2024-02-11,2,Bad,2,4,Yes,Yes,Yes,Yes,Yes,
2024-02-12,4,Good,4,4,No,No,Yes,No,No,
2024-02-13,3,Great,3,5,Yes,No,Yes,Yes,Yes,
2024-02-14,3,Neutral,3,2,No,Yes,Yes,Yes,No,
2024-02-15,4,Good,4,5,Yes,No,Yes,Yes,No,Felt energized
2024-02-16,3,Neutral,3,3,No,Yes,No,No,Yes,Not productive
2024-02-17,5,Great,5,5,Yes,No,Yes,Yes,No,Very productive
2024-02-18,2,Bad,2,2,Yes,Yes,No,No,Yes,Felt sluggish
2024-02-19,3,Neutral,3,4,No,No,No,Yes,No,Not so nice
2024-02-20,4,Good,4,5,Yes,No,Yes,Yes,No,Felt energized
2024-02-21,3,Neutral,3,3,No,Yes,No,No,Yes,Lacked focus
2024-02-22,5,Great,5,5,Yes,No,Yes,Yes,No,productive
2024-02-23,2,Bad,2,2,Yes,Yes,No,No,Yes,Felt sluggish
2024-02-24,3,Neutral,3,4,No,No,No,Yes,No,Missed my routine
2024-02-25,4,Good,4,5,Yes,No,Yes,Yes,No,Felt energized
2024-02-26,3,Neutral,3,3,No,Yes,No,No,Yes,Lacked focus
2024-02-27,5,Great,5,5,Yes,No,Yes,Yes,No,Very productive
2024-02-28,2,Bad,2,2,Yes,Yes,No,No,Yes,Felt sluggish
2024-02-29,3,Neutral,3,4,No,No,No,Yes,No,Missed my routine
2024-03-01,4,Good,4,5,Yes,No,Yes,Yes,No,Felt energized
2024-03-02,3,Neutral,3,3,No,Yes,No,No,Yes,Lacked focus
2024-03-03,5,Great,5,5,Yes,No,Yes,Yes,No,Very productive
2024-03-04,3,Great,3,3,Yes,Yes,Yes,Yes,No,hmmm good
2024-03-05,3,Neutral,3,4,No,No,No,Yes,No,Missed my routine
2024-03-06,3,Great,3,3,Yes,Yes,Yes,Yes,Yes,
2024-03-07,3,Great,2,4,Yes,Yes,No,Yes,Yes,
